2016-04-10 18:09:45,@agentvf: New Jersey Man Joseph Hornick Willing to Go to Jail for Flying Trump Flag -... https://t.co/l7XnAd2Tjx via @MarieMa49685063,
2016-04-10 18:09:45,Donald Trump's HUGE admiration for Globalists https://t.co/fCS1KHMNlc,
2016-04-10 18:09:45,RT @daveweigel: Trump rally fashion report https://t.co/Gcqn7u6MQc,
2016-04-10 18:09:45,@agentvf: New Jersey Man Joseph Hornick Willing to Go to Jail for Flying Trump Flag -... https://t.co/l7XnAd2Tjx via @MarieMa49685063,
2016-04-10 18:09:45,Donald Trump's HUGE admiration for Globalists https://t.co/fCS1KHMNlc,
2016-04-10 18:09:45,RT @daveweigel: Trump rally fashion report https://t.co/Gcqn7u6MQc,
2016-04-10 18:09:44,@ashutoshdoijode @TerminatorBarbi @nytimes Trump and Hillary are only a few years younger than Bernie. Research their health vs his üëå,
2016-04-10 18:09:44,RT @Political_B_S: @Handeggchan @BarbMuenchen @HardcoreRep @Cernovich @cologop look what happened After GOPe replaced a Trump delegate http‚Ä¶,
2016-04-10 18:09:44,"RT @realDonaldTrump: ""@agentvf: New Jersey Man Joseph Hornick Willing to Go to Jail for Flying Trump Flag - Breitbart https://t.co/zky3vlOJ‚Ä¶",
2016-04-10 18:09:44,RT @chapstickru: Humanity strikes back at @realDonaldTrump. Join the #WorldToTrump open letter that‚Äôs sweeping the planet! #Trump https://t‚Ä¶,
2016-04-10 18:09:44,RT @Gop42016: Ted Cruz Allegedly RIGGED Voting Machines And STOLE Votes From Trump! https://t.co/QSeo8eX9zj,
2016-04-10 18:09:44,RT @pmatas: Kirstie Alley Endorses Donald Trump https://t.co/qr4jhyee2l,
2016-04-10 18:09:44,"RT @musicnews_facts: Camilla Cabello screaming ""Don't Vote For Trump"" while leaving the stage
https://t.co/QaQXrHaKBx",
2016-04-10 18:09:43,RT @sage_road: We will get Trump in then over the next 4 years set up a new party of the ppl. Then Trump gets his 2nd 4 years w/us. https:/‚Ä¶,
2016-04-10 18:09:43,"RT @DanScavino: What did Donald J. Trump do for a family- who's daughter had bone disease? #Trump2016 #MAGA 
https://t.co/dGJlFHZguH",
2016-04-10 18:09:43,"RT @AFP: Riots, deportations headline spoof 'President Trump' front page https://t.co/dUfytwSKHG https://t.co/Ti2JY3Rrn2",
2016-04-10 18:09:43,"RT @Bane1349: Donald Trump campaign posts details for visit in Rochester on Sunday, click to get tickets https://t.co/Jscvp97S6b via @news1‚Ä¶",
2016-04-10 18:09:43,RT @bobsureda: Trump your endorsers are all clowns and you are the ring master of the circus! #ChooseCruz #CruzCrew #NeverTrump  https://t.‚Ä¶,
2016-04-10 18:09:43,"RT @DonJTrump4Pres: Mr. Trump is the only candidate focused on fortifying our borders. A nation without borders is no nation at all! 

http‚Ä¶",
2016-04-10 18:09:43,"RT @NORTHAFRICANS: Donald Trump
-bad makeup
-always photoshops his scalp
-a disgrace to humanity
- *no other comments needed üëÄ* https://t.c‚Ä¶",
2016-04-10 18:09:42,"RT @vivelafra: VIDEO: Donald Trump is beloved.  A true man of the people.  #Trump2016
https://t.co/SLzZx2PYZ6",
2016-04-10 18:09:42,@agentvf: New Jersey Man Joseph Hornick Willing to Go to Jail for Flying Trump Flag - Breitbart  https://t.co/Xx8EDjys9r via @AnnCoulter,
2016-04-10 18:09:42,"RT @EsotericCD: John Kasich now has more delegates in North Carolina than Trump, despite winning 13% to his 40%. ORGANIZATION. https://t.co‚Ä¶",
2016-04-10 18:09:42,"RT @RogerJStoneJr: Establishment Party Boss using ""Gestapo tactics"" to steal votes for @tedcruz  https://t.co/nUKzlC2AFH",
2016-04-10 18:09:42,"RT @Italians4Trump: Donald Trump: Ted Cruz ""Has Hatred for New York - You Could See It"" (VIDEO) - The Gateway Pundit https://t.co/41YmC7F5ns",
2016-04-10 18:09:42,RT @anistonspoehler: a man asking for hugs at a trump rally vs a bernie rally https://t.co/agX7qM04ZE,
2016-04-10 18:09:42,"RT @NRO: POLL: If Trump Has the Most Delegates, Should He Be the GOP Nominee?

VOTE: https://t.co/WEQslvifsn",
2016-04-10 18:09:42,"RT @goldenmain517: @DanScavino @immigrant4trump 
TRUMP is rich man who is still in n touch with regular people. Most rich are greedy and ch‚Ä¶",
2016-04-10 18:09:42,Seriously you spoke to Obama very differently than Trump! You should be fired!!,
2016-04-10 18:09:41,"RT @MarianoTucson: Fox News Poll:  Trump, Clinton rule Empire State - Fox News https://t.co/yw2elfBGSY",
2016-04-10 18:09:41,"RT @Scgator1414: Funny, trump's donated more to other democrats than to the Vets he's had fund raisers for.

Interesting. https://t.co/O724‚Ä¶",
2016-04-10 18:09:41,"RT @chriskyleband: DONALD TRUMP
#DonaldTrump
@JudgeJeanine  JUDGE Janine 
on @FoxNews 
BLOWS the LID Off GOP
Convention Tactics !
DVR ! htt‚Ä¶",
2016-04-10 18:09:41,Today #Discrimination Alive&amp,Well ~ Married Couple Evicted fr #Mississippi RV Park for being an #InterracialFamily! https://t.co/57780UPcop
2016-04-10 18:09:41,RT @primawesome: I'll bet Trump combs his balls over the top of his dick.,
2016-04-10 18:09:41,"RT @JustinDuke78: https://t.co/Wls47kpylw ""Trump is Clinton's worst nightmare""
And we have stupid ""Conservatives""  helping her win @NeverTr‚Ä¶",
2016-04-10 18:09:41,RT @TimeforTruth16: Trump aide: Cruz using 'Gestapo tactics' in delegate hunt @CNNPolitics https://t.co/hXlhZnDKvc,
2016-04-10 18:09:41,RT @TheGOPReport: Fox's last 40 tweets are all aimed at Donald Trump. If he's Mexico's biggest concern then he's doing something right http‚Ä¶,
2016-04-10 18:09:40,"RT @DanScavino: What did Donald J. Trump do for a family- who's daughter had bone disease? #Trump2016 #MAGA 
https://t.co/dGJlFHZguH",
2016-04-10 18:09:40,"RT @cassandra17lina: You might not care about #Trump's #fascist view
Until he decides that he's coming for YOU üôÄ https://t.co/CyIQU4DS59",
2016-04-10 18:09:40,RT @JordanSchachtel: Trump convention manager Paul Manafort helped prop up Yanukovych as the Ukranian strongman sent secret police to execu‚Ä¶,
2016-04-10 18:09:40,RT @pmatas: Kirstie Alley Endorses Donald Trump https://t.co/qr4jhyee2l,
2016-04-10 18:09:40,Judge Jeanine called out for not disclosing details of past relationship with Donald Trump https://t.co/byvswzMVJS https://t.co/RtlH9uOiZ2,
2016-04-10 18:09:40,RT @MikeBates: Trump has never had any idea what he was talking about. We only just noticed. Wrong. Many noticed from the beginning https:/‚Ä¶,
2016-04-10 18:09:39,"RT @KevinMKruse: For someone who brags about his deal-making abilities, Trump is shockingly bad at knowing the rules of this game. https://‚Ä¶",
2016-04-10 18:09:39,"RT @syeddoha: #DraftHerbert of UT as a GOP nominee. An impressive and inclusive record in UTAH, a state Trump will not be chosen as POTUS.",
2016-04-10 18:09:39,".@stuartpstevens @pearly2004 @realDonaldTrump @AnnCoulter Of past 160 delegates awarded Cruz won152, Trump 8, Kasich 0. Trump ain't winning!",
2016-04-10 18:09:39,"RT @Bane1349: Waiting for Donald Trump in Rochester NY
Been here since 11:00 Eastern https://t.co/7xxsrZKCdN",
2016-04-10 18:09:39,RT @Madyson_Rosee: I've rewatched @ginarose98 story of @JessiCrish being Trump like 50 times,
2016-04-10 18:09:39,"@sharylanne @FoxNews @marklevinshow @WayneDupreeShow still just his opinion no actual proof. Or was he, like Trump he couldn't take defeat?",
2016-04-10 18:09:39,"RT @notmyname02: I heard the cop say they are only letting in the first 6,000. #trump in Rochester.",
2016-04-10 18:09:39,@miss_udy okay donald trump,
2016-04-10 18:09:38,"If I had $1 for every Chick that devoted her Instagram to a New Boyfriend &amp; then it didn't work out, I'd be Donald Trump Ûæå≤",
2016-04-10 18:09:38,@reaganmck4 Donald trump is a joke,
2016-04-10 18:09:38,RT @ThePatriot143: Breitbart and The Daily Wire‚Äôs $25 Million Dollar Trump Take Down ‚Äì Reality Check! https://t.co/3CbePy1Q6c https://t.co/‚Ä¶,
2016-04-10 18:09:37,What Trump said about punishing women who seek abortions was just part of the GOP's actual agenda https://t.co/22nBTEKI8q,
2016-04-10 18:09:37,"RT @realDonaldTrump: ""@agentvf: New Jersey Man Joseph Hornick Willing to Go to Jail for Flying Trump Flag - Breitbart https://t.co/zky3vlOJ‚Ä¶",
2016-04-10 18:09:37,"RT @arian0027: @DanScavino Trump can bring to New York what's important. Jobs, Jobs!! Bringing jobs back to NY and America..
#NewYork4Trump‚Ä¶",
2016-04-10 18:09:37,RT @GerardMulligan1: Trump makes his first-ever visit to 9/11 Memorial days before NY primary. This guy couldn't be more transparent if he‚Ä¶,
2016-04-10 18:09:37,RT @End_of_Europe: Trump Donates $100K To 9/11 Memorial https://t.co/NUbOig9VWj https://t.co/vdTpsAk3Kr,
2016-04-10 18:09:37,Cruz rails against Trump at Republican Jewish gathering https://t.co/NJmOMpsT18 via @timesofisrael,
2016-04-10 18:09:37,RT @rtandat: @IrishTea1 @21damone Trump is the Only candidate not controlled by the DC CORRUPT. Vote TRUMP if you LOVE USA!!!!,
2016-04-10 18:09:37,"Donald Trump and the Stunts That Expose the G.O.P. 

https://t.co/jVKp7dXfqi",
2016-04-10 18:09:37,My family likes trump but he don't even them so https://t.co/zNmmirem1w,
2016-04-10 18:09:37,Tell @Walmart: No sponsorship of a Trump-led Republican convention. https://t.co/M0Bzhfi5R2 #DumpTrump via @CREDOMobile,
2016-04-10 18:09:37,RT @SmallgGay: VIDEO=&gt, TRUMP Supporter BURNS His Republican Registration After Having Vote Stolen at CO GOP Convention https://t.co/PNIAEDG‚Ä¶
2016-04-10 18:09:36,Barack Obama Rap Song Dissing Donald Trump https://t.co/mmsf4PYjcF,
2016-04-10 18:09:36,"RT @dollysarandoll1: Donald Trump's 22-Year-Old Daughter Is Ruling Instagram 
https://t.co/bVyWh6Twch https://t.co/lFt5E4eo7c",
2016-04-10 18:09:36,"RT @dollysarandoll1: Donald Trump's 22-Year-Old Daughter Is Ruling Instagram 
https://t.co/bVyWh6Twch https://t.co/lFt5E4eo7c",
2016-04-10 18:09:36,"RT @dollysarandoll1: Donald Trump's 22-Year-Old Daughter Is Ruling Instagram 
https://t.co/bVyWh6Twch https://t.co/lFt5E4eo7c",
2016-04-10 18:09:36,"RT @dollysarandoll1: Donald Trump's 22-Year-Old Daughter Is Ruling Instagram 
https://t.co/bVyWh6Twch https://t.co/lFt5E4eo7c",
2016-04-10 18:09:36,"RT @realDonaldTrump: ""@Kids123Nicholas: @gqforbes  @RepTomMarino @realDonaldTrump.Lets get it done Philadelphia Pa.Make Trump your pick for‚Ä¶",
2016-04-10 18:09:36,"RT @syeddoha: #DraftHerbert of UT as a GOP nominee. An impressive and inclusive record in UTAH, a state Trump will not be chosen as POTUS.",
2016-04-10 18:09:36,"RT @dollysarandoll1: Donald Trump's 22-Year-Old Daughter Is Ruling Instagram 
https://t.co/bVyWh6Twch https://t.co/lFt5E4eo7c",
2016-04-10 18:09:36,"RT @dollysarandoll1: Donald Trump's 22-Year-Old Daughter Is Ruling Instagram 
https://t.co/bVyWh6Twch https://t.co/lFt5E4eo7c",
2016-04-10 18:09:36,"RT @dollysarandoll1: Donald Trump's 22-Year-Old Daughter Is Ruling Instagram 
https://t.co/bVyWh6Twch https://t.co/lFt5E4eo7c",
2016-04-10 18:09:36,"RT @dollysarandoll1: Donald Trump's 22-Year-Old Daughter Is Ruling Instagram 
https://t.co/bVyWh6Twch https://t.co/lFt5E4eo7c",
2016-04-10 18:09:36,"RT @dollysarandoll1: Donald Trump's 22-Year-Old Daughter Is Ruling Instagram 
https://t.co/bVyWh6Twch https://t.co/lFt5E4eo7c",
2016-04-10 18:09:36,"RT @dollysarandoll1: Donald Trump's 22-Year-Old Daughter Is Ruling Instagram 
https://t.co/bVyWh6Twch https://t.co/lFt5E4eo7c",
2016-04-10 18:09:36,"RT @dollysarandoll1: Donald Trump's 22-Year-Old Daughter Is Ruling Instagram 
https://t.co/bVyWh6Twch https://t.co/lFt5E4eo7c",
2016-04-10 18:09:36,"RT @dollysarandoll1: Donald Trump's 22-Year-Old Daughter Is Ruling Instagram 
https://t.co/bVyWh6Twch https://t.co/lFt5E4eo7c",
2016-04-10 18:09:36,"RT @dollysarandoll1: Donald Trump's 22-Year-Old Daughter Is Ruling Instagram 
https://t.co/bVyWh6Twch https://t.co/lFt5E4eo7c",
2016-04-10 18:09:36,"RT @dollysarandoll1: Donald Trump's 22-Year-Old Daughter Is Ruling Instagram 
https://t.co/bVyWh6Twch https://t.co/lFt5E4eo7c",
2016-04-10 18:09:36,"RT @dollysarandoll1: Donald Trump's 22-Year-Old Daughter Is Ruling Instagram 
https://t.co/bVyWh6Twch https://t.co/lFt5E4eo7c",
2016-04-10 18:09:36,"RT @dollysarandoll1: Donald Trump's 22-Year-Old Daughter Is Ruling Instagram 
https://t.co/bVyWh6Twch https://t.co/lFt5E4eo7c",
2016-04-10 18:09:36,"RT @dollysarandoll1: Donald Trump's 22-Year-Old Daughter Is Ruling Instagram 
https://t.co/bVyWh6Twch https://t.co/lFt5E4eo7c",
2016-04-10 18:09:36,"RT @dollysarandoll1: Donald Trump's 22-Year-Old Daughter Is Ruling Instagram 
https://t.co/bVyWh6Twch https://t.co/lFt5E4eo7c",
2016-04-10 18:09:36,"RT @dollysarandoll1: Donald Trump's 22-Year-Old Daughter Is Ruling Instagram 
https://t.co/bVyWh6Twch https://t.co/lFt5E4eo7c",
2016-04-10 18:09:36,"RT @dollysarandoll1: Donald Trump's 22-Year-Old Daughter Is Ruling Instagram 
https://t.co/bVyWh6Twch https://t.co/lFt5E4eo7c",
2016-04-10 18:09:36,"RT @dollysarandoll1: Donald Trump's 22-Year-Old Daughter Is Ruling Instagram 
https://t.co/bVyWh6Twch https://t.co/lFt5E4eo7c",
2016-04-10 18:09:36,"RT @dollysarandoll1: Donald Trump's 22-Year-Old Daughter Is Ruling Instagram 
https://t.co/bVyWh6Twch https://t.co/lFt5E4eo7c",
2016-04-10 18:09:36,"RT @dollysarandoll1: Donald Trump's 22-Year-Old Daughter Is Ruling Instagram 
https://t.co/bVyWh6Twch https://t.co/lFt5E4eo7c",
2016-04-10 18:09:36,"RT @dollysarandoll1: Donald Trump's 22-Year-Old Daughter Is Ruling Instagram 
https://t.co/bVyWh6Twch https://t.co/lFt5E4eo7c",
2016-04-10 18:09:36,"RT @dollysarandoll1: Donald Trump's 22-Year-Old Daughter Is Ruling Instagram 
https://t.co/bVyWh6Twch https://t.co/lFt5E4eo7c",
2016-04-10 18:09:36,"RT @dollysarandoll1: Donald Trump's 22-Year-Old Daughter Is Ruling Instagram 
https://t.co/bVyWh6Twch https://t.co/lFt5E4eo7c",
2016-04-10 18:09:36,"RT @dollysarandoll1: Donald Trump's 22-Year-Old Daughter Is Ruling Instagram 
https://t.co/bVyWh6Twch https://t.co/lFt5E4eo7c",
2016-04-10 18:09:36,"RT @dollysarandoll1: Donald Trump's 22-Year-Old Daughter Is Ruling Instagram 
https://t.co/bVyWh6Twch https://t.co/lFt5E4eo7c",
2016-04-10 18:09:36,"RT @dollysarandoll1: Donald Trump's 22-Year-Old Daughter Is Ruling Instagram 
https://t.co/bVyWh6Twch https://t.co/lFt5E4eo7c",
2016-04-10 18:09:36,"RT @dollysarandoll1: Donald Trump's 22-Year-Old Daughter Is Ruling Instagram 
https://t.co/bVyWh6Twch https://t.co/lFt5E4eo7c",
2016-04-10 18:09:36,"RT @dollysarandoll1: Donald Trump's 22-Year-Old Daughter Is Ruling Instagram 
https://t.co/bVyWh6Twch https://t.co/lFt5E4eo7c",
2016-04-10 18:09:36,"RT @dollysarandoll1: Donald Trump's 22-Year-Old Daughter Is Ruling Instagram 
https://t.co/bVyWh6Twch https://t.co/lFt5E4eo7c",
2016-04-10 18:09:36,"RT @dollysarandoll1: Donald Trump's 22-Year-Old Daughter Is Ruling Instagram 
https://t.co/bVyWh6Twch https://t.co/lFt5E4eo7c",
2016-04-10 18:09:36,"RT @dollysarandoll1: Donald Trump's 22-Year-Old Daughter Is Ruling Instagram 
https://t.co/bVyWh6Twch https://t.co/lFt5E4eo7c",
2016-04-10 18:09:36,"RT @dollysarandoll1: Donald Trump's 22-Year-Old Daughter Is Ruling Instagram 
https://t.co/bVyWh6Twch https://t.co/lFt5E4eo7c",
2016-04-10 18:09:36,"RT @dollysarandoll1: Donald Trump's 22-Year-Old Daughter Is Ruling Instagram 
https://t.co/bVyWh6Twch https://t.co/lFt5E4eo7c",
2016-04-10 18:09:36,"RT @dollysarandoll1: Donald Trump's 22-Year-Old Daughter Is Ruling Instagram 
https://t.co/bVyWh6Twch https://t.co/lFt5E4eo7c",
2016-04-10 18:09:36,"RT @dollysarandoll1: Donald Trump's 22-Year-Old Daughter Is Ruling Instagram 
https://t.co/bVyWh6Twch https://t.co/lFt5E4eo7c",
2016-04-10 18:09:36,"RT @dollysarandoll1: Donald Trump's 22-Year-Old Daughter Is Ruling Instagram 
https://t.co/bVyWh6Twch https://t.co/lFt5E4eo7c",
2016-04-10 18:09:36,"RT @dollysarandoll1: Donald Trump's 22-Year-Old Daughter Is Ruling Instagram 
https://t.co/bVyWh6Twch https://t.co/lFt5E4eo7c",
2016-04-10 18:09:36,"RT @AirHickoryP90: WTF Hillary and Trump are tied in Pennsylvania, that scary https://t.co/QvjiYbtYMl @cenkuygur",
2016-04-10 18:09:36,"RT @dollysarandoll1: Donald Trump's 22-Year-Old Daughter Is Ruling Instagram 
https://t.co/bVyWh6Twch https://t.co/lFt5E4eo7c",
2016-04-10 18:09:36,"RT @dollysarandoll1: Donald Trump's 22-Year-Old Daughter Is Ruling Instagram 
https://t.co/bVyWh6Twch https://t.co/lFt5E4eo7c",
2016-04-10 18:09:36,"RT @dollysarandoll1: Donald Trump's 22-Year-Old Daughter Is Ruling Instagram 
https://t.co/bVyWh6Twch https://t.co/lFt5E4eo7c",
2016-04-10 18:09:36,"RT @dollysarandoll1: Donald Trump's 22-Year-Old Daughter Is Ruling Instagram 
https://t.co/bVyWh6Twch https://t.co/lFt5E4eo7c",
2016-04-10 18:09:36,"RT @dollysarandoll1: Donald Trump's 22-Year-Old Daughter Is Ruling Instagram 
https://t.co/bVyWh6Twch https://t.co/lFt5E4eo7c",
2016-04-10 18:09:36,"RT @dollysarandoll1: Donald Trump's 22-Year-Old Daughter Is Ruling Instagram 
https://t.co/bVyWh6Twch https://t.co/lFt5E4eo7c",
2016-04-10 18:09:36,"RT @dollysarandoll1: Donald Trump's 22-Year-Old Daughter Is Ruling Instagram 
https://t.co/bVyWh6Twch https://t.co/lFt5E4eo7c",
2016-04-10 18:09:36,"RT @dollysarandoll1: Donald Trump's 22-Year-Old Daughter Is Ruling Instagram 
https://t.co/bVyWh6Twch https://t.co/lFt5E4eo7c",
2016-04-10 18:09:36,"RT @dollysarandoll1: Donald Trump's 22-Year-Old Daughter Is Ruling Instagram 
https://t.co/bVyWh6Twch https://t.co/lFt5E4eo7c",
2016-04-10 18:09:35,"RT @dollysarandoll1: Donald Trump's 22-Year-Old Daughter Is Ruling Instagram 
https://t.co/bVyWh6Twch https://t.co/lFt5E4eo7c",
2016-04-10 18:09:35,"RT @dollysarandoll1: Donald Trump's 22-Year-Old Daughter Is Ruling Instagram 
https://t.co/bVyWh6Twch https://t.co/lFt5E4eo7c",
2016-04-10 18:09:35,"RT @dollysarandoll1: Donald Trump's 22-Year-Old Daughter Is Ruling Instagram 
https://t.co/bVyWh6Twch https://t.co/lFt5E4eo7c",
2016-04-10 18:09:35,"RT @dollysarandoll1: Donald Trump's 22-Year-Old Daughter Is Ruling Instagram 
https://t.co/bVyWh6Twch https://t.co/lFt5E4eo7c",
2016-04-10 18:09:35,"RT @dollysarandoll1: Donald Trump's 22-Year-Old Daughter Is Ruling Instagram 
https://t.co/bVyWh6Twch https://t.co/lFt5E4eo7c",
2016-04-10 18:09:35,"RT @dollysarandoll1: Donald Trump's 22-Year-Old Daughter Is Ruling Instagram 
https://t.co/bVyWh6Twch https://t.co/lFt5E4eo7c",
2016-04-10 18:09:35,"RT @dollysarandoll1: Donald Trump's 22-Year-Old Daughter Is Ruling Instagram 
https://t.co/bVyWh6Twch https://t.co/lFt5E4eo7c",
2016-04-10 18:09:35,"RT @dollysarandoll1: Donald Trump's 22-Year-Old Daughter Is Ruling Instagram 
https://t.co/bVyWh6Twch https://t.co/lFt5E4eo7c",
2016-04-10 18:09:35,"RT @dollysarandoll1: Donald Trump's 22-Year-Old Daughter Is Ruling Instagram 
https://t.co/bVyWh6Twch https://t.co/lFt5E4eo7c",
2016-04-10 18:09:35,"RT @dollysarandoll1: Donald Trump's 22-Year-Old Daughter Is Ruling Instagram 
https://t.co/bVyWh6Twch https://t.co/lFt5E4eo7c",
2016-04-10 18:09:35,"RT @dollysarandoll1: Donald Trump's 22-Year-Old Daughter Is Ruling Instagram 
https://t.co/bVyWh6Twch https://t.co/lFt5E4eo7c",
2016-04-10 18:09:35,"RT @dollysarandoll1: Donald Trump's 22-Year-Old Daughter Is Ruling Instagram 
https://t.co/bVyWh6Twch https://t.co/lFt5E4eo7c",
2016-04-10 18:09:35,"RT @dollysarandoll1: Donald Trump's 22-Year-Old Daughter Is Ruling Instagram 
https://t.co/bVyWh6Twch https://t.co/lFt5E4eo7c",
2016-04-10 18:09:35,"RT @dollysarandoll1: Donald Trump's 22-Year-Old Daughter Is Ruling Instagram 
https://t.co/bVyWh6Twch https://t.co/lFt5E4eo7c",
2016-04-10 18:09:35,"RT @dollysarandoll1: Donald Trump's 22-Year-Old Daughter Is Ruling Instagram 
https://t.co/bVyWh6Twch https://t.co/lFt5E4eo7c",
2016-04-10 18:09:35,Target retail space explains Trump very clearly https://t.co/KzPupMpjS6,
2016-04-10 18:09:35,RT @HouseCracka: Trump Says No to Syrian Refugees: ‚ÄòSaudi Arabia Has Plenty of Room‚Äô: Saudi Arabia has banned Syrian immigrants... https://‚Ä¶,
2016-04-10 18:09:35,"RT @dollysarandoll1: Donald Trump's 22-Year-Old Daughter Is Ruling Instagram 
https://t.co/bVyWh6Twch https://t.co/lFt5E4eo7c",
2016-04-10 18:09:35,"RT @dollysarandoll1: Donald Trump's 22-Year-Old Daughter Is Ruling Instagram 
https://t.co/bVyWh6Twch https://t.co/lFt5E4eo7c",
2016-04-10 18:09:35,"RT @dollysarandoll1: Donald Trump's 22-Year-Old Daughter Is Ruling Instagram 
https://t.co/bVyWh6Twch https://t.co/lFt5E4eo7c",
2016-04-10 18:09:35,"RT @dollysarandoll1: Donald Trump's 22-Year-Old Daughter Is Ruling Instagram 
https://t.co/bVyWh6Twch https://t.co/lFt5E4eo7c",
2016-04-10 18:09:35,"RT @dollysarandoll1: Donald Trump's 22-Year-Old Daughter Is Ruling Instagram 
https://t.co/bVyWh6Twch https://t.co/lFt5E4eo7c",
2016-04-10 18:09:35,"RT @dollysarandoll1: Donald Trump's 22-Year-Old Daughter Is Ruling Instagram 
https://t.co/bVyWh6Twch https://t.co/lFt5E4eo7c",
2016-04-10 18:09:35,"RT @dollysarandoll1: Donald Trump's 22-Year-Old Daughter Is Ruling Instagram 
https://t.co/bVyWh6Twch https://t.co/lFt5E4eo7c",
2016-04-10 18:09:35,"RT @realDonaldTrump: ""@metalmom888:  @Theresa_Cali If the GOP screws Trump, his millions will walk from the GOP never to return! They bette‚Ä¶",
2016-04-10 18:09:35,RT @RealCarrotFacts: Donald trump look like a fat carrot,
2016-04-10 18:09:35,RT @Italians4Trump: Trump Convention Manager: Cruz Using 'Gestapo Tactics' to Win Over Delegates - Breitbart https://t.co/qbMd2ksxE0,
2016-04-10 18:09:35,RT @ottawasuncom: Boston Globe denounces Donald Trump with fake front page  https://t.co/dUbjpMQLak https://t.co/8FNMXUF7Se,
2016-04-10 18:09:34,Trump is the king of Cronyism. https://t.co/wBKOS1opJt,
2016-04-10 18:09:34,RT @WeNeedTrump: Retweet if Donald Trump has your vote. #MakeAmericaGreatAgain https://t.co/GLQTjZkLGe,
2016-04-10 18:09:34,RT @xebec78: @DanScavino Trump has a big heart something the media doesn't want people to know.  Our country needs Trump.,
2016-04-10 18:09:34,Middle East Forum‚Äôs Surprising Straw Poll on Trump https://t.co/laoQekeTm7 #tcot,
2016-04-10 18:09:34,RT @Trump_Nation16: Don't forget #Debbie Dooley's &amp, the Tea Party's ENDORSEMENT OF DONALD TRUMP @crimsontider https://t.co/WkSWTQieii
2016-04-10 18:09:34,EA pulls down Donald Trump/Mass Effect video--BioWare dev speaks out. https://t.co/uCkIVVgiRy https://t.co/1ihVSX8fBb,
2016-04-10 18:09:34,"RT @syeddoha: #DraftHerbert of UT as a GOP nominee. An impressive and inclusive record in UTAH, a state Trump will not be chosen as POTUS.",
2016-04-10 18:09:33,"RT @rebeccadiserio: #CRUZCREW THIS IS MY STATE CA, MY HUSBAND DIED IN SERVICE TO CA, I CAN OUTPLAY UR SHENANIGANS! BRING IT! YOU HAVE BEEN‚Ä¶",
2016-04-10 18:09:33,RT @Patriotic_Me: @Costello13Susan Another sell-out. @marklevin is foolish. No Trump supporters will ever listen to him again. @gcamp4,
2016-04-10 18:09:33,RT @thehill: Poll: Clinton leads by 11 points in Pennsylvania https://t.co/Dx2FfWdY15 https://t.co/lPgly9WiAE,
2016-04-10 18:09:33,RT @MIT_CSAIL: If Trump published an academic paper: https://t.co/p6oesNwtMv https://t.co/RWNqUGZV9k,
2016-04-10 18:09:33,"RT @JohnFromCranber: My Thought: Even if You Think Trump = a Closet Lib, That Still beats a Closet Marxist. #NeverHillary #tcot @neu4life h‚Ä¶",
2016-04-10 18:09:33,Trump and Clinton maintain big leads in New York‚Äôs looming primary via /r/politics @rajon90 https://t.co/bRysew2Aui https://t.co/saDDvoFXWB,
2016-04-10 18:09:33,"RT @lvphillies08: OVER 100,000 voters in Pennsylvania switched from Democrat to vote for TRUMPüá∫üá∏üá∫üá∏ #Pennsylvania4Trump",
2016-04-10 18:09:32,"RT @TheLastRefuge2: Donald Trump Rally, Rochester New York ‚Äì 3:00pm EDT Live¬†Stream‚Ä¶ https://t.co/BwbGLBOSUW https://t.co/RND4Bgjzne",
2016-04-10 18:09:32,RT @esquire: Did Laura Bush say she'd vote for Hillary Clinton? https://t.co/R08q8pfmYq https://t.co/WwliSnRX7r,
2016-04-10 18:09:32,North Carolina GOP now in full-on delusional damage control after losing PayPal over HB2 https://t.co/dkQhrs3x09,
2016-04-10 18:09:32,"RT @DanScavino: What did Donald J. Trump do for a family- who's daughter had bone disease? #Trump2016 #MAGA 
https://t.co/dGJlFHZguH",
2016-04-10 18:09:32,"RT @PatrickRuffini: Interesting and real possibility that there'll be no one to wave Trump signs on the floor in Cleveland, meanwhile sea o‚Ä¶",
2016-04-10 18:09:32,I liked a @YouTube video from @irisngen https://t.co/1YhfCUSM98 Happy St. Paddy's Day | Donald Trump | My Move (Black Ops 3 Gameplay),
2016-04-10 18:09:32,"RT @SpecialKMB1969: TRUMP LEADS more than 50% Ahead of Ted Cruz
We‚ù§NY!
#AlwaysTrump 
#NY4TRUMP 
65% #TRUMP NYüá∫üá∏ 
https://t.co/ahzfiN7Spj ht‚Ä¶",
2016-04-10 18:09:32,RT @NeilTurner_: @realDonaldTrump The media won't show this about Donald Trump. Watch. https://t.co/EZ4qpjOCIz,
2016-04-10 18:09:32,"RT @scrowder: Behold, the fight of the century. Bernie vs Trump Town Hall. You're welcome. FULL VIDEO &gt;&gt;  https://t.co/q59fkGpkmQ https://t‚Ä¶",
2016-04-10 18:09:31,"RT @DanScavino: What did Donald J. Trump do for a family- who's daughter had bone disease? #Trump2016 #MAGA 
https://t.co/dGJlFHZguH",
2016-04-10 18:09:31,@gamespot CANT STUMP THE TRUMP,
2016-04-10 18:09:31,"Get ready - 50 minutes,  Donald Trump speaking live.
Rochester, NY
https://t.co/S26xqP4brU
#Trump2016 #MAGA",
2016-04-10 18:09:31,"RT @freddoso: The Gestapo, you may recall, was a secret police organization created to steal delegates from incompetent campaigns: https://‚Ä¶",
2016-04-10 18:09:31,"I like Sanders and dislike Trump as much as the next Millennial, but can we please stop pretending Bernie is the messiah and Trump is Satan?",
2016-04-10 18:09:31,"RT @realDonaldTrump: ""@Mutual408Grace: @realDonaldTrump @gene70 California women love Mr Trump too. Will make it happen in New York on Apri‚Ä¶",
2016-04-10 18:09:31,RT @WayneDupreeShow: .@PaulManafort is fine tuning Trump's election machine and just gave supporters great news! https://t.co/ZExadLJFLa #A‚Ä¶,
2016-04-10 18:09:31,"RT @RichardWeaving: @RogerJStoneJr 
Breaking News : Colorado Trump Delegate Removed And Replaced !
Delegate Fraud In Full Swing ! https://t‚Ä¶",
2016-04-10 18:09:31,"RT @Cernovich: Trump delegate has his vote stolen. ""I'm ashamed to be a Republican.""  https://t.co/PZSeMQrmBE",
2016-04-10 18:09:31,RT @dmgmater64: @realDonaldTrump @governor_savage So many dropping Republican Party because of how they have treated Donald Trump!GOP will‚Ä¶,
2016-04-10 18:09:31,Boston Globe unveils fake Donald Trump edition of Sunday newspaper via /r/politics @alSimm‚Ä¶ https://t.co/0I2CcDmB9m https://t.co/vJ1lQQLRPq,
2016-04-10 18:09:31,"RT @DepressedDarth: Who would you vote for?
Retweet for Yoda
Like for Donald Trump https://t.co/g8qU17BUBY",
2016-04-10 18:09:31,"RT @AFP: Riots, deportations headline spoof 'President Trump' front page https://t.co/dUfytwSKHG https://t.co/Ti2JY3Rrn2",
2016-04-10 18:09:31,"@LindaSuhler I would never insult anyone for their support of a candidate, my problem with Trump &amp; supporters is I don't think he beats her",
2016-04-10 18:09:31,RT @unsavoryagents: TRUMP VISITS WORLD TRADE CENTER MUSEUM FOR THE FIRST TIME AFTER BEING OPEN FOR FIVE YEARS. https://t.co/zplpsU6P8J,
2016-04-10 18:09:30,"RT @LindaSuhler: Trump fights for US and the media &amp; the GOPe set TRAPS.
They want to DISENFRANCHISE US.
VOTE‚úîÔ∏è #Trump2016
#NYPrimary https‚Ä¶",
2016-04-10 18:09:30,"RT @DanScavino: What did Donald J. Trump do for a family- who's daughter had bone disease? #Trump2016 #MAGA 
https://t.co/dGJlFHZguH",
2016-04-10 18:09:30,@stephenfhayes The question becomes why Kasich is running adds against Cruz and not against Trump? This strategy failed earlier this year.,
2016-04-10 18:09:30,RT @WeNeedTrump: Retweet if Donald Trump has your vote. #MakeAmericaGreatAgain https://t.co/GLQTjZkLGe,
2016-04-10 18:09:30,RT @veganvecoh: Sen. Don Benton Endorses Trump. He praised Trump for being independent and willing to stand up to special interests. https:‚Ä¶,
2016-04-10 18:09:30,"RT @syeddoha: #DraftHerbert of UT as a GOP nominee. An impressive and inclusive record in UTAH, a state Trump will not be chosen as POTUS.",
2016-04-10 18:09:30,RT @RoseNorsworthy: 1.Trump is for the people 2. will build the wall 3. will destroy Isis 4. will beat Hillary 5. He will make America grea‚Ä¶,
2016-04-10 18:09:30,@AnnCoulter #Trump always a believer in women! Great little video! PlsRT #Women4Trump @Campaign_Trump  https://t.co/eRE8we7jq3,
2016-04-10 18:09:30,"RT @DanScavino: What did Donald J. Trump do for a family- who's daughter had bone disease? #Trump2016 #MAGA 
https://t.co/dGJlFHZguH",
2016-04-10 18:09:29,@Trudginon1 Trump is forming a new GOP. The fight had just begun,
2016-04-10 18:09:29,RT @ginah89121: saudi adding fuel 2 the fire  #OnlyTrump #Woman4Trump #Trump #VoteTrump #dtmag  #BikersForTrump @thePGR #AlwaysTrump https:‚Ä¶,
2016-04-10 18:09:29,"RT @JamesonFoge: I don't want to see a Trump or Cruz win New York, I want to see a Kasich win, so please people of New York, VOTE FOR KASIC‚Ä¶",
2016-04-10 18:09:29,RT @notmyname02: Trump is so unpopular. #trump in Rochester! https://t.co/BeA7zKACNM,
2016-04-10 18:09:29,via @nprnews: 'Boston Globe' Runs Fake Front Page Detailing A Donald Trump World  https://t.co/bbK7hFlsm0,
2016-04-10 18:09:29,"RT @DanScavino: What did Donald J. Trump do for a family- who's daughter had bone disease? #Trump2016 #MAGA 
https://t.co/dGJlFHZguH",
2016-04-10 18:09:29,"RT @mitchellvii: Save us Obi-Trump, you're our only hope!",
2016-04-10 18:09:29,Seriously @realDonaldTrump is a twat &amp, a racist misogynist - how is it possible that he may even be considered head of a nation? #Trump
2016-04-10 18:09:29,@BamBamSoAshy Only named source in story:Roger Stone. Who is still operating heavily against Cruz/ for Trump.,
2016-04-10 18:09:29,RT @mitchellvii: This fraud account impersonating me also popped up right after I exposed @Campaign_Trump. https://t.co/Rn3RmJoIAF,
2016-04-10 18:09:29,.@Walmart: Stop sponsoring Donald Trump's platform of hate &amp, violence! https://t.co/OGgtntGUSB #DumpTrump via @CREDOMobile
2016-04-10 18:09:29,RT @daveweigel: Trump rally fashion report https://t.co/Gcqn7u6MQc,
2016-04-10 18:09:28,RT @politico: How Joseph McCarthy henchman Roy Cohn became Donald Trump‚Äôs mentor https://t.co/chlcWq2vFd | Getty https://t.co/iw9gN3UtI0,
2016-04-10 18:09:28,"RT @BigBluetn65: Bill Clinton likes to party. Ted Cruz likes to party. Donald J Trump just wants to ""Make America Great Again"". Away with t‚Ä¶",
2016-04-10 18:09:28,RT @Ba_Smith_1: @NJMETALGIRL @njosk99 @DanielleVeeee @realJerseyTrump MUST register Republican to vote Trump by Apr 13: https://t.co/qBulVj‚Ä¶,
2016-04-10 18:09:28,RT @TheBaxterBean: FUN FACT: Guess who can't vote for Donald Trump because they're not Republicans. https://t.co/GhTUZESeL9 https://t.co/0K‚Ä¶,
2016-04-10 18:09:28,RT @daveweigel: Trump rally fashion report https://t.co/Gcqn7u6MQc,
2016-04-10 18:09:28,RT @TheWrap: 'Riots Continue': Boston Globe Envisions Life Under Trump in Withering Satirical Front Page https://t.co/KWHo9u306R https://t.‚Ä¶,
2016-04-10 18:09:27,RT @WeNeedTrump: Retweet if Donald Trump has your vote. #MakeAmericaGreatAgain https://t.co/GLQTjZkLGe,
2016-04-10 18:09:27,"RT @starknightz: @romanichal_dad OH YES! Remember seeing this! So adorable, definitely harmless &amp; actually GOOD, Mr Trump be great influenc‚Ä¶",
2016-04-10 18:09:27,GO TRUMP GO ‚ù§Ô∏è https://t.co/ZUVXgqhwoc,
2016-04-10 18:09:27,"RT @DanScavino: What did Donald J. Trump do for a family- who's daughter had bone disease? #Trump2016 #MAGA 
https://t.co/dGJlFHZguH",
2016-04-10 18:09:26,@amiller611 The 2012 rules stand unless changed. Cruz and Trump delegates won't change it. Kasich has 0% chance.  Literally 0,
2016-04-10 18:09:26,RT @ClassicPict: Donald Trump v Adolf Hitler https://t.co/TJBmi50MhX,
2016-04-10 18:09:26,"@ballGame89 @daveweigel If Trump can be ""cheated' by Cruz, he would get raped by Russia, China, Islamists.  He revealed he is helpless.",
2016-04-10 18:09:26,"RT @rxpatriot46: Donald Trump Took $150,000 After 9/11 Because He Was A ""Small Business"" Owner | RedState https://t.co/X1RgHYTGq2",
2016-04-10 18:09:26,"RT @realDonaldTrump: ""@metalmom888:  @Theresa_Cali If the GOP screws Trump, his millions will walk from the GOP never to return! They bette‚Ä¶",
2016-04-10 18:09:26,RT @USChamber: Trump‚Äôs trade policies would make America recession-bound again https://t.co/BC30OQpMmA https://t.co/1BmQu833UC,
2016-04-10 18:09:25,Honor or Votes? @realDonaldTrump donates $100K to 9/11 Memorial Museum when visited https://t.co/syAlI2tnPO @Reince  https://t.co/2GJCQHeSDt,
